<?xml version="1.0" encoding="utf-8" ?>
<dwsync>
<file name="facebook.png" server="birondesign.com" local="3418221223" remote="12008250992" />
<file name="google.png" server="birondesign.com" local="3418221260" remote="12008250992" />
<file name="twitter.png" server="birondesign.com" local="3418221196" remote="12008250992" />
<file name="youtube.png" server="birondesign.com" local="3418223561" remote="12008250992" />
<file name="facebook.png" server="realego.es/realego/" local="130354933200000000" remote="130354933200000000" />
<file name="google.png" server="realego.es/realego/" local="130350603000000000" remote="130350603000000000" />
<file name="twitter.png" server="realego.es/realego/" local="130354933200000000" remote="130354933200000000" />
<file name="youtube.png" server="realego.es/realego/" local="130350603600000000" remote="130350603600000000" />
<file name="linkenin.png" server="realego.es/realego/" local="130354933200000000" remote="130354933200000000" />
<file name="contacto.png" server="realego.es/realego/" local="130354933200000000" remote="130354933200000000" />
<file name="ayuda.png" server="realego.es/realego/" local="130354933200000000" remote="130354933200000000" />
<file name="eventos.png" server="realego.es/realego/" local="130354933200000000" remote="130354933200000000" />
<file name="servicios.png" server="realego.es/realego/" local="130354933200000000" remote="130354933200000000" />
<file name="centros.png" server="realego.es/realego/" local="130354933200000000" remote="130354933200000000" />
<file name="mas.png" server="realego.es/realego/" local="130350603000000000" remote="130350603000000000" />
<file name="espacios.png" server="realego.es/realego/" local="130354933200000000" remote="130354933200000000" />
<file name="espaciosg.png" server="realego.es/realego/" local="130350603000000000" remote="130350603000000000" />
<file name="eventog.png" server="realego.es/realego/" local="130350603000000000" remote="130350603000000000" />
<file name="serviciog.png" server="realego.es/realego/" local="130350603600000000" remote="130350603600000000" />
<file name="centro.png" server="realego.es/realego/" local="130350603000000000" remote="130350603000000000" />
<file name="servicio1.png" server="realego.es/realego/" local="130350603600000000" remote="130350603600000000" />
<file name="servicio2.png" server="realego.es/realego/" local="130350603600000000" remote="130350603600000000" />
<file name="servicio3.png" server="realego.es/realego/" local="130350603600000000" remote="130350603600000000" />
<file name="servicio4.png" server="realego.es/realego/" local="130350603600000000" remote="130350603600000000" />
<file name="servicio5.png" server="realego.es/realego/" local="130350603600000000" remote="130350603600000000" />
<file name="servicio6.png" server="realego.es/realego/" local="130350603600000000" remote="130350603600000000" />
<file name="servicio7.png" server="realego.es/realego/" local="130350603600000000" remote="130350603600000000" />
<file name="buscar.png" server="realego.es/realego/" local="130350603000000000" remote="130350603000000000" />
<file name="espaciosact.png" server="realego.es/realego/" local="130350603000000000" remote="130350603000000000" />
<file name="serviciosact.png" server="realego.es/realego/" local="130350603600000000" remote="130350603600000000" />
<file name="eventosact.png" server="realego.es/realego/" local="130350603000000000" remote="130350603000000000" />
<file name="centrosact.png" server="realego.es/realego/" local="130350603000000000" remote="130350603000000000" />
<file name="s.multimedia.png" server="realego.es/realego/" local="130350603600000000" remote="130350603600000000" />
<file name="s.corporativo.png" server="realego.es/realego/" local="130350603000000000" remote="130350603000000000" />
<file name="s.espacio.png" server="realego.es/realego/" local="130350603600000000" remote="130350603600000000" />
<file name="s.asistente.png" server="realego.es/realego/" local="130350603000000000" remote="130350603000000000" />
<file name="s.contenido.png" server="realego.es/realego/" local="130350603000000000" remote="130350603000000000" />
<file name="s.multimediasede.png" server="realego.es/realego/" local="130350603600000000" remote="130350603600000000" />
<file name="s.corporativosede.png" server="realego.es/realego/" local="130350603600000000" remote="130350603600000000" />
<file name="s.espaciosede.png" server="realego.es/realego/" local="130350603600000000" remote="130350603600000000" />
<file name="s.asistentesede.png" server="realego.es/realego/" local="130350603000000000" remote="130350603000000000" />
<file name="s.contenidosede.png" server="realego.es/realego/" local="130350603000000000" remote="130350603000000000" />
<file name="iconos.ai" server="realego.es/realego/" local="130350603000000000" remote="130350603000000000" />
</dwsync>