<?xml version="1.0" encoding="utf-8"?>
<doctrine-mapping xmlns="http://doctrine-project.org/schemas/orm/doctrine-mapping" xmlns:xsi="http://www.w3.org/2001/XMLSchema-instance" xsi:schemaLocation="http://doctrine-project.org/schemas/orm/doctrine-mapping http://doctrine-project.org/schemas/orm/doctrine-mapping.xsd">
  <entity name="Proyecto\PrincipalBundle\Entity\Sistema" table="sistema">
    <id name="id" type="integer" column="id">
      <generator strategy="IDENTITY"/>
    </id>
    <field name="nombre" type="string" column="nombre" length="400" precision="0" scale="0" nullable="false"/>
    <field name="version" type="string" column="version" length="50" precision="0" scale="0" nullable="false"/>
    <field name="descripcioncorta" type="text" column="descripcioncorta" precision="0" scale="0" nullable="false"/>
    <field name="descripcionlarga" type="text" column="descripcionlarga" precision="0" scale="0" nullable="false"/>
    <field name="acercade" type="text" column="acercade" precision="0" scale="0" nullable="false"/>
  </entity>
</doctrine-mapping>
