<?xml version="1.0" encoding="utf-8"?>
<doctrine-mapping xmlns="http://doctrine-project.org/schemas/orm/doctrine-mapping" xmlns:xsi="http://www.w3.org/2001/XMLSchema-instance" xsi:schemaLocation="http://doctrine-project.org/schemas/orm/doctrine-mapping http://doctrine-project.org/schemas/orm/doctrine-mapping.xsd">
  <entity name="Proyecto\PrincipalBundle\Entity\Autores" table="autores">
    <id name="id" type="integer" column="id">
      <generator strategy="IDENTITY"/>
    </id>
    <many-to-one field="user" target-entity="Proyecto\PrincipalBundle\Entity\User">
      <join-columns>
        <join-column name="user" referenced-column-name="id" nullable="1"/>
      </join-columns>
    </many-to-one>
  </entity>
</doctrine-mapping>
