<?xml version="1.0" encoding="utf-8" ?>
<dwsync>
<file name="style.css" server="birondesign.com" local="3418362522" remote="12008293592" />
<file name="work.css" server="birondesign.com" local="3418362622" remote="12008293592" />
<file name="style.css" server="realego.es/realego/" local="130356453600000000" remote="130356453600000000" />
<file name="work.css" server="realego.es/realego/" local="130350603000000000" remote="130350603000000000" />
<file name="font.css" server="realego.es/realego/" local="130354945200000000" remote="130354945200000000" />
<file name="espacio.css" server="realego.es/realego/" local="130331424000000000" remote="130331424000000000" />
<file name="BAUHS93-bg.png" server="realego.es/realego/" local="130350603000000000" remote="130350603000000000" />
<file name="BAUHS93-thumb.png" server="realego.es/realego/" local="130350603000000000" remote="130350603000000000" />
<file name="BAUHS93.eot" server="realego.es/realego/" local="130350603000000000" remote="130350603000000000" />
<file name="BAUHS93.png" server="realego.es/realego/" local="130350603000000000" remote="130350603000000000" />
<file name="BAUHS93.ttf" server="realego.es/realego/" local="130350603000000000" remote="130350603000000000" />
<file name="BAUHS93.woff" server="realego.es/realego/" local="130350603000000000" remote="130350603000000000" />
<file name="BRLNSR-bg.png" server="realego.es/realego/" local="130350603000000000" remote="130350603000000000" />
<file name="BRLNSR-thumb.png" server="realego.es/realego/" local="130350603000000000" remote="130350603000000000" />
<file name="BRLNSR.eot" server="realego.es/realego/" local="130350603000000000" remote="130350603000000000" />
<file name="BRLNSR.png" server="realego.es/realego/" local="130350603000000000" remote="130350603000000000" />
<file name="BRLNSR.ttf" server="realego.es/realego/" local="130350603000000000" remote="130350603000000000" />
<file name="BRLNSR.woff" server="realego.es/realego/" local="130350603000000000" remote="130350603000000000" />
<file name=".DS_Store" server="realego.es/realego/" local="130350603000000000" remote="130350603000000000" />
</dwsync>