<?xml version="1.0" encoding="utf-8" ?>
<dwsync>
<file name=".DS_Store" server="birondesign.com" local="3418319111" remote="12008250932" />
<file name="submitemail.php" server="birondesign.com" local="3418318752" remote="12008251232" />
<file name="index.html" server="birondesign.com" local="3418362017" remote="16303260888" />
<file name="work-template.html" server="birondesign.com" local="3418362055" remote="16303260888" />
<file name=".DS_Store" server="realego.es/realego/" local="130350603000000000" remote="130350603000000000" />
<file name="index.html" server="realego.es/realego/" local="130354732800000000" remote="130354732800000000" />
<file name="submitemail.php" server="realego.es/realego/" local="130352955000000000" remote="130352955000000000" />
<file name="work-template.html" server="realego.es/realego/" local="130352955600000000" remote="130352955600000000" />
<file name="ayuda.html" server="realego.es/realego/" local="130338256200000000" remote="130340863800000000" />
<file name="espacio.html" server="realego.es/realego/" local="130354742400000000" remote="130354742400000000" />
<file name="espacios.html" server="realego.es/realego/" local="130340862552403983" remote="130340863800000000" />
<file name="evento.html" server="realego.es/realego/" local="130352953200000000" remote="130352953200000000" />
<file name="eventos.html" server="realego.es/realego/" local="130340862191193323" remote="130340863800000000" />
<file name="ficha.html" server="realego.es/realego/" local="130354945800000000" remote="130354945800000000" />
<file name="registro.html" server="realego.es/realego/" local="130354801200000000" remote="130354801200000000" />
<file name="reserva.html" server="realego.es/realego/" local="130338256200000000" remote="130340863800000000" />
<file name="sedes.html" server="realego.es/realego/" local="130340863157368585" remote="130340864400000000" />
<file name="servicio.html" server="realego.es/realego/" local="130352955000000000" remote="130352955000000000" />
<file name="servicios.html" server="realego.es/realego/" local="130352955000000000" remote="130352955000000000" />
<file name="sede.html" server="realego.es/realego/" local="130352955000000000" remote="130352955000000000" />
<file name="formulario.html" server="realego.es/realego/" local="130343778802201518" remote="130343778600000000" />
<file name="espacioact.html" server="realego.es/realego/" local="130354920000000000" remote="130354920000000000" />
<file name="espaciogestion.html" server="realego.es/realego/" local="130356443400000000" remote="130356443400000000" />
<file name="espacionuevo.html" server="realego.es/realego/" local="130354800000000000" remote="130354800000000000" />
<file name="espacionuevo1.html" server="realego.es/realego/" local="130354737600000000" remote="130354737600000000" />
<file name="espacionuevo2.html" server="realego.es/realego/" local="130354737600000000" remote="130354737600000000" />
<file name="eventonuevo.html" server="realego.es/realego/" local="130352953200000000" remote="130352953200000000" />
<file name="fichaprivada.html" server="realego.es/realego/" local="130354933200000000" remote="130354933200000000" />
<file name="formularioact.html" server="realego.es/realego/" local="130347963600000000" remote="130347963600000000" />
<file name="formulariofacturacion.html" server="realego.es/realego/" local="130347963600000000" remote="130347963600000000" />
<file name="notificaciones.html" server="realego.es/realego/" local="130354944000000000" remote="130354944000000000" />
<file name="registroespacio.html" server="realego.es/realego/" local="130354845000000000" remote="130354845000000000" />
<file name="registroespacio1.html" server="realego.es/realego/" local="130354806000000000" remote="130354806000000000" />
<file name="registroespacio2.html" server="realego.es/realego/" local="130354806000000000" remote="130354806000000000" />
<file name="registroespacio3.html" server="realego.es/realego/" local="130354806600000000" remote="130354806600000000" />
<file name="registroespacio4.html" server="realego.es/realego/" local="130354842600000000" remote="130354842600000000" />
<file name="reserva1.html" server="realego.es/realego/" local="130356471600000000" remote="130356471600000000" />
<file name="reservas.html" server="realego.es/realego/" local="130354945200000000" remote="130354945200000000" />
<file name="sedescanarias.html" server="realego.es/realego/" local="130352955000000000" remote="130352955000000000" />
</dwsync>