<?xml version="1.0" encoding="utf-8" ?>
<dwsync>
<file name="item.png" server="birondesign.com" local="3418286613" remote="12008251112" />
<file name="item10.png" server="birondesign.com" local="3418286294" remote="12008251112" />
<file name="item2.png" server="birondesign.com" local="3418286382" remote="12008251112" />
<file name="item3.png" server="birondesign.com" local="3418286851" remote="12008251112" />
<file name="item4.png" server="birondesign.com" local="3418286639" remote="12008251112" />
<file name="item5.png" server="birondesign.com" local="3418286876" remote="12008251172" />
<file name="item6.png" server="birondesign.com" local="3418286491" remote="12008251172" />
<file name="item7.png" server="birondesign.com" local="3418286568" remote="12008251172" />
<file name="item8.png" server="birondesign.com" local="3418286356" remote="12008251172" />
<file name="item9.png" server="birondesign.com" local="3418286521" remote="12008251172" />
<file name=".DS_Store" server="birondesign.com" local="3418319500" remote="12008251112" />
<file name=".DS_Store" server="realego.es/realego/" local="130350603600000000" remote="130350603600000000" />
<file name="item.png" server="realego.es/realego/" local="130350603600000000" remote="130350603600000000" />
<file name="item10.png" server="realego.es/realego/" local="130350603600000000" remote="130350603600000000" />
<file name="item2.png" server="realego.es/realego/" local="130350603600000000" remote="130350603600000000" />
<file name="item3.png" server="realego.es/realego/" local="130350603600000000" remote="130350603600000000" />
<file name="item4.png" server="realego.es/realego/" local="130350603600000000" remote="130350603600000000" />
<file name="item5.png" server="realego.es/realego/" local="130350603600000000" remote="130350603600000000" />
<file name="item6.png" server="realego.es/realego/" local="130350603600000000" remote="130350603600000000" />
<file name="item7.png" server="realego.es/realego/" local="130350603600000000" remote="130350603600000000" />
<file name="item8.png" server="realego.es/realego/" local="130350603600000000" remote="130350603600000000" />
<file name="item9.png" server="realego.es/realego/" local="130350603600000000" remote="130350603600000000" />
<file name="triangulo1.png" server="realego.es/realego/" local="130356438600000000" remote="130356438600000000" />
<file name="triangulo2.png" server="realego.es/realego/" local="130350603600000000" remote="130350603600000000" />
<file name="triangulo3.png" server="realego.es/realego/" local="130350603600000000" remote="130350603600000000" />
<file name="espacio1.png" server="realego.es/realego/" local="130350603600000000" remote="130350603600000000" />
<file name="espacio2.png" server="realego.es/realego/" local="130350603600000000" remote="130350603600000000" />
<file name="espacio3.png" server="realego.es/realego/" local="130350603600000000" remote="130350603600000000" />
<file name="espacio4.png" server="realego.es/realego/" local="130350603600000000" remote="130350603600000000" />
<file name="espacio9.png" server="realego.es/realego/" local="130350603600000000" remote="130350603600000000" />
<file name="espacio11.png" server="realego.es/realego/" local="130350603600000000" remote="130350603600000000" />
<file name="espacio7.png" server="realego.es/realego/" local="130350603600000000" remote="130350603600000000" />
<file name="espacio8.png" server="realego.es/realego/" local="130350603600000000" remote="130350603600000000" />
<file name="espacio10.png" server="realego.es/realego/" local="130350603600000000" remote="130350603600000000" />
<file name="espacio5.png" server="realego.es/realego/" local="130350603600000000" remote="130350603600000000" />
<file name="espacio6.png" server="realego.es/realego/" local="130350603600000000" remote="130350603600000000" />
<file name="evento9.png" server="realego.es/realego/" local="130350603600000000" remote="130350603600000000" />
<file name="evento1.png" server="realego.es/realego/" local="130350603600000000" remote="130350603600000000" />
<file name="evento2.png" server="realego.es/realego/" local="130350603600000000" remote="130350603600000000" />
<file name="evento3.png" server="realego.es/realego/" local="130350603600000000" remote="130350603600000000" />
<file name="evento4.png" server="realego.es/realego/" local="130350603600000000" remote="130350603600000000" />
<file name="evento5.png" server="realego.es/realego/" local="130350603600000000" remote="130350603600000000" />
<file name="evento6.png" server="realego.es/realego/" local="130350603600000000" remote="130350603600000000" />
<file name="evento7.png" server="realego.es/realego/" local="130350603600000000" remote="130350603600000000" />
<file name="evento8.png" server="realego.es/realego/" local="130350603600000000" remote="130350603600000000" />
<file name="sede2.png" server="realego.es/realego/" local="130350603600000000" remote="130350603600000000" />
<file name="sede3.png" server="realego.es/realego/" local="130350603600000000" remote="130350603600000000" />
<file name="servicio1.png" server="realego.es/realego/" local="130350603600000000" remote="130350603600000000" />
<file name="servicio10.png" server="realego.es/realego/" local="130350603600000000" remote="130350603600000000" />
<file name="servicio2.png" server="realego.es/realego/" local="130350603600000000" remote="130350603600000000" />
<file name="servicio3.png" server="realego.es/realego/" local="130350603600000000" remote="130350603600000000" />
<file name="servicio4.png" server="realego.es/realego/" local="130350603600000000" remote="130350603600000000" />
<file name="servicio5.png" server="realego.es/realego/" local="130350603600000000" remote="130350603600000000" />
<file name="servicio6.png" server="realego.es/realego/" local="130350603600000000" remote="130350603600000000" />
<file name="servicio7.png" server="realego.es/realego/" local="130350603600000000" remote="130350603600000000" />
<file name="CALENDARIO.png" server="realego.es/realego/" local="130350603600000000" remote="130350603600000000" />
<file name="perfil.png" server="realego.es/realego/" local="130354885800000000" remote="130354885800000000" />
</dwsync>